{"Pig":{"pos_x":353.51249998807907,"pos_y":247.0,"pos_z":-45.39016633548651,"yaw":-109.10875701904297,"pitch":1.1720731258392334,"dimension":"the_nether","gamemode":"survival","flying":false},"Hezi":{"pos_x":1597.699999988079,"pos_y":110.1875,"pos_z":-1197.699999988079,"yaw":149.9611053466797,"pitch":66.7743148803711,"dimension":"the_end","gamemode":"survival","flying":false}}